Player,FG%,3P,eFG%,FT%,TRB,AST,STL,BLK,TOV,PS/G
,,,,,,,,,,
Alex Abrines\abrinal01,.401,1.1,.548,.854,1.5,0.4,0.5,0.1,0.3,4.7
Quincy Acy\acyqu01,.343,1.4,.478,.828,3.7,0.8,0.4,0.4,0.9,5.6
Steven Adams\adamsst01,.627,0.0,.627,.553,9.1,1.2,1.2,1.1,1.7,13.9
Bam Adebayo\adebaba01,.514,0.0,.514,.708,5.5,1.5,0.4,0.6,0.9,7.0
Arron Afflalo\afflaar01,.392,0.5,.474,.846,1.3,0.6,0.1,0.2,0.4,3.3
Cole Aldrich\aldrico01,.333,0.0,.333,.333,0.7,0.1,0.1,0.1,0.1,0.6
LaMarcus Aldridge\aldrila01,.511,0.4,.522,.837,8.4,2.0,0.5,1.2,1.5,23.3
Jarrett Allen\allenja01,.587,0.1,.592,.772,5.3,0.7,0.4,1.1,1.2,8.2
Kadeem Allen\allenka01,.200,0.0,.200,.750,0.4,0.4,0.2,0.1,0.4,0.5
Tony Allen\allento01,.484,0.2,.505,.524,2.1,0.4,0.5,0.1,0.9,4.7
Al-Farouq Aminu\aminual01,.400,1.9,.510,.738,7.6,1.2,1.1,0.6,1.1,9.6
Justin Anderson\anderju01,.418,0.8,.495,.722,2.5,0.7,0.4,0.2,0.4,5.9
Kyle Anderson\anderky01,.528,0.2,.548,.710,5.5,2.8,1.5,0.8,1.3,7.9
Ryan Anderson\anderry01,.431,2.0,.568,.774,5.0,0.9,0.4,0.3,0.6,9.3
Ike Anigbogu\anigbik01,.444,0.0,.444,.833,0.9,0.0,0.1,0.3,0.2,1.3
Giannis Antetokounmpo\antetgi01,.534,0.6,.550,.758,10.0,4.8,1.4,1.4,3.0,27.2
Carmelo Anthony\anthoca01,.403,2.2,.476,.761,5.9,1.3,0.6,0.6,1.3,16.2
OG Anunoby\anunoog01,.461,0.9,.563,.627,2.3,0.8,0.7,0.2,0.6,5.7
Ryan Arcidiacono\arcidry01,.400,0.3,.520,.833,0.7,1.2,0.6,0.0,0.4,1.6
Trevor Ariza\arizatr01,.414,2.6,.548,.854,4.5,1.6,1.5,0.2,0.8,11.9
Darrell Arthur\arthuda01,.468,0.4,.553,.667,0.8,0.5,0.4,0.2,0.8,2.8
Jamel Artis\artisja01,.378,0.5,.446,.571,2.2,1.3,0.1,0.1,0.1,3.7
Omer Asik\asikom01,.438,0.0,.438,.333,2.6,0.1,0.1,0.1,0.4,1.3
D.J. Augustin\augusdj01,.449,1.5,.556,.867,2.2,3.9,0.8,0.0,1.6,10.2
Luke Babbitt\babbilu01,.439,1.2,.583,.773,1.9,0.6,0.2,0.1,0.4,5.3
Luke Babbitt\babbilu01,.476,1.3,.622,.773,2.2,0.7,0.2,0.1,0.4,6.1
Luke Babbitt\babbilu01,.270,0.9,.405,,1.0,0.3,0.1,0.2,0.4,2.7
Dwayne Bacon\bacondw01,.375,0.2,.404,.800,2.3,0.7,0.3,0.0,0.4,3.3
Ron Baker\bakerro01,.339,0.4,.432,.769,1.0,1.6,0.9,0.2,0.6,2.4
Wade Baldwin\baldwwa01,.714,0.3,.786,.556,1.3,0.5,0.0,0.0,0.5,4.0
Lonzo Ball\balllo01,.360,1.7,.440,.451,6.9,7.2,1.7,0.8,2.6,10.2
J.J. Barea\bareajo01,.439,1.7,.523,.784,2.9,6.3,0.5,0.0,2.1,11.7
Harrison Barnes\barneha02,.446,1.5,.495,.833,6.1,2.0,0.7,0.2,1.5,18.9
Will Barton\bartowi01,.448,1.9,.522,.808,5.0,4.1,1.0,0.6,1.8,15.3
Nicolas Batum\batumni01,.411,1.4,.480,.828,4.8,5.5,1.0,0.4,2.0,11.6
Jerryd Bayless\bayleje01,.416,1.4,.519,.795,2.1,1.4,0.6,0.2,1.2,7.9
Aron Baynes\baynear01,.478,0.0,.480,.750,5.3,1.1,0.2,0.6,1.0,5.9
Kent Bazemore\bazemke01,.420,1.7,.500,.796,3.8,3.5,1.5,0.7,2.4,12.9
Bradley Beal\bealbr01,.463,2.4,.530,.795,4.4,4.5,1.2,0.4,2.6,22.7
Malik Beasley\beaslma01,.407,0.4,.483,.667,1.2,0.5,0.2,0.1,0.4,3.2
Michael Beasley\beaslmi01,.508,0.5,.529,.780,5.7,1.7,0.5,0.6,2.0,13.3
Marco Belinelli\belinma01,.442,1.7,.536,.913,1.8,1.8,0.8,0.1,1.1,11.7
Marco Belinelli\belinma01,.411,1.8,.506,.927,1.9,2.0,0.9,0.1,1.0,11.4
Marco Belinelli\belinma01,.512,1.7,.604,.875,1.5,1.5,0.6,0.3,1.3,12.6
Jordan Bell\belljo01,.631,0.0,.631,.690,3.8,1.9,0.6,1.1,0.9,4.8
DeAndre' Bembry\bembrde01,.404,0.4,.445,.593,2.8,1.7,0.7,0.4,1.8,4.9
Dragan Bender\bendedr01,.376,1.4,.496,.771,4.1,1.6,0.3,0.6,1.4,6.2
Davis Bertans\bertada01,.436,1.3,.564,.816,2.1,1.0,0.4,0.4,0.5,6.1
Patrick Beverley\beverpa01,.403,2.2,.504,.824,4.1,2.9,1.6,0.5,2.3,12.2
Khem Birch\birchkh01,.500,0.0,.500,.657,3.7,0.7,0.3,0.4,0.5,3.3
Jabari Bird\birdja01,.250,0.0,.250,.500,0.5,0.1,0.1,0.0,0.1,0.6
Bismack Biyombo\biyombi01,.511,0.0,.511,.657,5.6,0.8,0.2,1.2,1.0,5.5
Nemanja Bjelica\bjeline01,.476,1.2,.581,.800,4.1,1.3,0.7,0.2,0.8,7.0
Tarik Black\blackta01,.600,0.0,.600,.473,3.0,0.3,0.4,0.5,0.7,3.4
Antonio Blakeney\blakean01,.371,0.8,.423,.769,1.7,1.1,0.4,0.1,0.6,7.9
Eric Bledsoe\bledser01,.470,1.7,.533,.784,3.8,4.9,2.0,0.6,3.0,17.8
Eric Bledsoe\bledser01,.400,1.3,.450,.786,2.3,3.0,1.3,0.7,3.3,15.7
Eric Bledsoe\bledser01,.474,1.7,.537,.784,3.9,4.9,2.0,0.6,2.9,17.9
Vander Blue\blueva01,.200,0.0,.200,.500,0.2,0.6,0.2,0.0,0.6,0.6
Bogdan Bogdanovic\bogdabo01,.451,1.7,.536,.840,2.9,3.3,0.9,0.2,1.6,11.9
Bojan Bogdanovic\bogdabo02,.472,1.9,.562,.865,3.4,1.5,0.7,0.1,1.3,14.2
Andrew Bogut\bogutan01,.680,0.0,.680,1.000,3.4,0.7,0.2,0.6,0.8,1.6
Joel Bolomboy\bolomjo01,.500,0.0,.500,.500,1.7,0.0,0.3,0.0,0.3,1.5
Devin Booker\bookede01,.432,2.7,.501,.878,4.5,4.7,0.9,0.3,3.6,24.9
Trevor Booker\booketr01,.522,0.1,.535,.701,4.6,1.2,0.4,0.3,0.9,6.2
Trevor Booker\booketr01,.513,0.2,.523,.558,6.6,2.1,0.4,0.3,1.7,10.1
Trevor Booker\booketr01,.560,0.1,.569,.821,3.7,0.8,0.5,0.3,0.6,4.7
Trevor Booker\booketr01,.474,0.2,.500,1.000,4.3,0.9,0.2,0.3,0.6,4.8
Chris Boucher\bouchch01,.000,0.0,.000,,1.0,0.0,0.0,0.0,0.0,0.0
Avery Bradley\bradlav01,.414,1.6,.474,.768,2.5,2.0,1.1,0.2,2.2,14.3
Avery Bradley\bradlav01,.409,1.9,.474,.763,2.4,2.1,1.2,0.2,2.3,15.0
Avery Bradley\bradlav01,.473,0.2,.482,1.000,3.7,1.8,0.8,0.2,1.3,9.2
Tony Bradley\bradlto01,.273,0.0,.273,1.000,1.2,0.1,0.0,0.0,0.0,0.9
Corey Brewer\breweco01,.452,0.4,.498,.721,2.1,0.9,1.1,0.2,0.7,5.1
Corey Brewer\breweco01,.453,0.1,.477,.667,1.7,0.8,0.8,0.1,0.7,3.7
Corey Brewer\breweco01,.449,1.3,.530,.800,3.5,1.4,2.1,0.4,0.7,10.2
Malcolm Brogdon\brogdma01,.487,1.3,.547,.882,3.3,3.2,0.9,0.3,1.4,13.3
Aaron Brooks\brookaa01,.406,0.4,.486,.727,0.5,0.6,0.2,0.0,0.3,2.4
Dillon Brooks\brookdi01,.438,1.1,.499,.737,3.1,1.5,0.8,0.2,1.5,10.4
MarShon Brooks\brookma01,.600,3.0,.720,1.000,1.0,2.0,1.5,0.5,1.0,22.5
Anthony Brown\brownan02,1.000,1.0,1.500,,0.0,1.0,0.0,0.0,0.0,3.0
Bobby Brown\brownbo02,.328,0.6,.422,.500,0.4,0.6,0.2,0.0,0.5,2.5
Jaylen Brown\brownja02,.462,1.6,.533,.648,5.1,1.6,1.0,0.4,1.7,14.2
Lorenzo Brown\brownlo01,.360,0.1,.380,1.000,0.8,0.9,0.3,0.0,0.2,1.6
Markel Brown\brownma02,.286,0.3,.357,,1.3,0.5,0.0,0.0,0.5,1.3
Sterling Brown\brownst02,.408,0.6,.487,.875,2.6,0.5,0.6,0.2,0.5,4.1
Nicolas Brussino\brussni01,.000,0.0,.000,,0.8,0.0,0.0,0.0,0.0,0.0
Thomas Bryant\bryanth01,.333,0.1,.389,.667,0.5,0.2,0.0,0.0,0.1,1.0
Reggie Bullock\bullore01,.489,2.0,.602,.792,2.5,1.5,0.8,0.2,0.8,11.2
Trey Burke\burketr01,.518,1.0,.568,.636,1.8,4.4,0.6,0.1,1.1,12.7
Alec Burks\burksal01,.410,0.7,.464,.863,3.0,1.0,0.6,0.1,0.9,7.7
Jimmy Butler\butleji01,.473,1.2,.512,.865,5.4,5.0,1.9,0.4,1.8,22.2
Dwight Buycks\buyckdw01,.414,0.5,.452,.878,1.4,2.0,0.7,0.1,1.3,7.4
Bruno Caboclo\cabocbr01,.300,0.3,.350,.833,1.8,0.5,0.3,0.4,0.4,2.4
Bruno Caboclo\cabocbr01,.000,0.0,.000,,0.5,0.5,0.5,0.0,0.0,0.0
Bruno Caboclo\cabocbr01,.321,0.3,.375,.833,2.1,0.4,0.2,0.4,0.4,2.9
Jose Calderon\caldejo01,.511,0.8,.633,.800,1.5,2.1,0.5,0.0,0.7,4.6
Kentavious Caldwell-Pope\caldwke01,.429,2.2,.530,.781,5.4,2.2,1.5,0.2,1.3,13.8
Isaiah Canaan\canaais01,.380,1.1,.460,.902,2.3,3.8,0.8,0.1,1.5,8.6
Isaiah Canaan\canaais01,.000,0.0,.000,,1.0,0.0,0.0,0.0,0.0,0.0
Isaiah Canaan\canaais01,.382,1.2,.463,.902,2.3,4.0,0.8,0.1,1.5,9.1
Clint Capela\capelca01,.652,0.0,.652,.562,10.9,0.9,0.8,1.9,1.4,14.0
DeMarre Carroll\carrode01,.414,2.0,.506,.764,6.6,2.0,0.8,0.4,1.4,13.5
Vince Carter\cartevi01,.401,1.0,.502,.735,2.5,1.1,0.7,0.5,0.6,5.4
Michael Carter-Williams\cartemi01,.332,0.3,.362,.820,2.7,2.2,0.8,0.4,1.0,4.6
Alex Caruso\carusal01,.425,0.3,.471,.682,1.4,1.9,0.6,0.3,1.0,3.0
Omri Casspi\casspom01,.580,0.2,.604,.725,3.8,1.0,0.3,0.4,0.7,5.7
Willie Cauley-Stein\caulewi01,.495,0.0,.497,.618,6.9,2.3,1.1,0.9,1.5,12.4
Tyler Cavanaugh\cavanty01,.448,0.8,.555,.810,3.2,0.7,0.2,0.1,0.4,4.7
Mario Chalmers\chalmma01,.379,0.8,.438,.856,2.4,3.0,1.2,0.2,1.8,7.7
Tyson Chandler\chandty01,.647,0.0,.647,.617,9.1,1.2,0.3,0.6,1.3,6.5
Wilson Chandler\chandwi01,.445,1.2,.516,.768,5.3,2.2,0.6,0.5,1.3,10.1
Marquese Chriss\chrisma01,.420,0.8,.480,.595,5.5,1.1,0.7,1.0,1.5,7.5
Ian Clark\clarkia01,.445,0.8,.505,.763,1.7,1.4,0.4,0.1,0.8,7.4
Jordan Clarkson\clarkjo01,.453,1.4,.511,.796,2.8,2.8,0.7,0.1,1.6,14.2
Jordan Clarkson\clarkjo01,.448,1.3,.499,.795,3.0,3.3,0.7,0.1,1.8,14.5
Jordan Clarkson\clarkjo01,.465,1.7,.543,.796,2.2,1.8,0.7,0.1,1.1,13.3
Gian Clavell\clavegi01,.333,0.9,.500,1.000,1.0,0.4,0.3,0.0,0.3,2.9
Antonius Cleveland\clevean01,.286,0.0,.286,.500,0.8,0.2,0.5,0.3,0.2,0.8
John Collins\collijo01,.583,0.2,.596,.738,7.3,1.2,0.6,1.1,1.4,10.5
Zach Collins\colliza01,.409,0.5,.471,.650,3.4,0.8,0.3,0.5,0.9,4.6
Kyle Collinsworth\colliky01,.382,0.1,.412,.500,3.0,1.4,0.5,0.2,0.6,2.6
Darren Collison\collida01,.498,1.4,.573,.880,2.6,5.4,1.4,0.2,1.3,12.6
Nick Collison\collini01,.684,0.0,.684,.500,1.5,0.3,0.0,0.0,0.5,2.3
Mike Conley\conlemi01,.381,2.0,.452,.803,2.3,4.1,1.0,0.3,1.5,17.1
Pat Connaughton\connapa01,.418,0.9,.514,.837,1.9,1.2,0.3,0.3,0.5,5.5
Quinn Cook\cookqu01,.493,1.2,.580,.905,2.3,2.5,0.4,0.0,0.9,8.9
Charles Cooke\cookech01,.167,0.1,.208,.500,0.2,0.1,0.1,0.0,0.1,0.5
Jack Cooley\cooleja01,.533,0.0,.533,.800,4.8,1.0,0.3,0.0,0.0,5.0
Matt Costello\costema01,.500,0.0,.500,,2.3,0.5,0.5,0.5,0.3,1.0
DeMarcus Cousins\couside01,.470,2.2,.530,.746,12.9,5.4,1.6,1.6,5.0,25.2
Robert Covington\covinro01,.412,2.6,.534,.853,5.4,1.9,1.7,0.8,1.6,12.8
Allen Crabbe\crabbal01,.396,2.5,.512,.840,4.3,1.5,0.6,0.4,1.1,12.5
Torrey Craig\craigto01,.466,0.5,.530,.629,3.5,0.7,0.3,0.3,0.5,4.7
Jamal Crawford\crawfja01,.421,1.4,.493,.900,1.2,2.3,0.5,0.1,1.2,10.6
Jordan Crawford\crawfjo02,.500,2.0,.643,,1.5,4.5,0.0,0.5,2.0,9.0
Jae Crowder\crowdja01,.408,1.4,.491,.817,3.4,1.3,0.8,0.3,0.9,9.6
Jae Crowder\crowdja01,.418,1.2,.500,.848,3.3,1.1,0.8,0.2,0.8,8.6
Jae Crowder\crowdja01,.394,1.8,.478,.760,3.8,1.6,0.8,0.3,1.3,12.1
Dante Cunningham\cunnida01,.450,0.8,.534,.588,3.9,0.6,0.5,0.4,0.5,5.6
Dante Cunningham\cunnida01,.440,0.7,.518,.556,3.8,0.5,0.5,0.3,0.3,5.0
Dante Cunningham\cunnida01,.470,1.2,.564,.667,4.3,0.9,0.6,0.5,0.8,7.5
Stephen Curry\curryst01,.495,4.2,.618,.921,5.1,6.1,1.6,0.2,3.0,26.4
Troy Daniels\danietr01,.405,2.3,.565,.875,1.6,0.6,0.3,0.1,0.7,9.0
Anthony Davis\davisan02,.535,0.7,.554,.835,11.1,2.3,1.5,2.5,2.2,28.1
Deyonta Davis\davisde01,.612,0.0,.612,.685,3.8,0.6,0.2,0.6,0.5,5.5
Ed Davis\davised01,.585,0.0,.585,.667,7.4,0.5,0.4,0.7,0.8,5.4
Dewayne Dedmon\dedmode01,.525,0.8,.578,.787,7.9,1.4,0.7,0.8,1.4,9.9
Sam Dekker\dekkesa01,.481,0.1,.502,.679,2.2,0.5,0.3,0.1,0.4,4.0
Malcolm Delaney\delanma01,.382,0.9,.463,.804,1.9,3.0,0.6,0.1,1.2,6.3
Matthew Dellavedova\dellama01,.369,0.8,.466,.920,1.7,3.8,0.4,0.0,1.3,4.4
Luol Deng\denglu01,.500,0.0,.500,,0.0,1.0,1.0,0.0,1.0,2.0
DeMar DeRozan\derozde01,.461,1.1,.492,.825,3.9,5.2,1.1,0.3,2.2,23.4
Cheick Diallo\diallch01,.571,0.0,.571,.787,4.0,0.3,0.2,0.4,0.5,4.9
Gorgui Dieng\dienggo01,.476,0.2,.496,.776,4.5,0.9,0.6,0.5,0.8,5.9
Spencer Dinwiddie\dinwisp01,.387,1.7,.470,.812,3.3,6.5,0.9,0.3,1.6,12.6
Tyler Dorsey\dorsety01,.365,1.2,.457,.700,2.3,1.5,0.3,0.1,0.7,6.6
Damyean Dotson\dotsoda01,.409,0.4,.470,.733,1.4,0.6,0.2,0.0,0.3,3.0
Milton Doyle\doylemi01,.276,0.3,.310,.400,1.7,0.7,0.6,0.1,0.3,2.9
PJ Dozier\doziepj01,.500,0.0,.500,,0.5,0.0,0.0,0.0,0.5,1.0
Goran Dragic\dragigo01,.451,1.5,.503,.799,4.1,4.8,0.8,0.2,2.2,17.5
Larry Drew\drewla02,.318,0.3,.386,,0.3,0.9,0.0,0.0,0.3,1.9
Larry Drew\drewla02,.143,0.0,.143,,0.3,0.7,0.0,0.0,0.3,0.7
Larry Drew\drewla02,.400,0.5,.500,,0.3,1.0,0.0,0.0,0.3,2.5
Andre Drummond\drumman01,.528,0.0,.528,.618,16.0,3.0,1.5,1.7,2.6,15.0
Jared Dudley\dudleja01,.382,0.6,.509,.828,1.9,1.6,0.5,0.2,0.6,3.0
Kris Dunn\dunnkr01,.429,0.8,.462,.730,4.3,6.0,2.0,0.5,2.9,13.4
Kevin Durant\duranke01,.517,2.6,.589,.890,6.9,5.4,0.7,1.8,3.0,26.5
Jarell Eddie\eddieja01,.000,0.0,.000,,0.3,0.0,0.3,0.0,0.0,0.0
Jarell Eddie\eddieja01,.000,0.0,.000,,0.5,0.0,0.5,0.0,0.0,0.0
Jarell Eddie\eddieja01,.000,0.0,.000,,0.0,0.0,0.0,0.0,0.0,0.0
Henry Ellenson\ellenhe01,.340,0.4,.398,.813,1.8,0.5,0.1,0.0,0.4,2.9
Wayne Ellington\ellinwa01,.401,2.9,.562,.855,2.8,1.1,0.7,0.1,0.7,11.1
Joel Embiid\embiijo01,.483,1.0,.514,.769,11.0,3.2,0.6,1.8,3.7,22.9
James Ennis\ennisja01,.481,0.7,.547,.833,3.3,1.0,0.7,0.3,0.8,7.3
James Ennis\ennisja01,.486,0.7,.554,.877,3.5,1.1,0.7,0.3,0.8,6.9
James Ennis\ennisja01,.471,0.8,.536,.756,2.8,0.9,0.6,0.3,0.7,8.1
Tyler Ennis\ennisty01,.409,0.2,.438,.700,1.6,1.7,0.4,0.2,0.6,3.4
Jawun Evans\evansja01,.352,0.3,.381,.776,1.8,2.1,0.8,0.1,0.9,4.8
Tyreke Evans\evansty01,.452,2.2,.523,.785,5.1,5.2,1.1,0.3,2.3,19.4
Dante Exum\exumda01,.542,0.4,.576,.857,1.7,2.8,0.6,0.1,1.2,8.6
Kenneth Faried\farieke01,.514,0.0,.514,.706,4.8,0.6,0.4,0.4,0.7,5.9
Derrick Favors\favorde01,.565,0.2,.574,.648,7.1,1.4,0.7,1.0,1.2,12.2
Kay Felder\feldeka01,.294,0.3,.324,.917,1.0,1.3,0.2,0.1,1.1,3.7
Kay Felder\feldeka01,.303,0.3,.333,.917,1.0,1.4,0.2,0.1,1.1,3.9
Kay Felder\feldeka01,.000,0.0,.000,,1.0,0.0,0.0,0.0,1.0,0.0
Cristiano Felicio\feliccr01,.601,0.0,.601,.646,4.0,1.0,0.2,0.2,0.9,5.3
Raymond Felton\feltora01,.406,1.0,.477,.814,1.9,2.5,0.6,0.2,0.9,6.9
Terrance Ferguson\fergute01,.409,0.6,.519,.900,0.7,0.3,0.4,0.2,0.2,2.9
Yogi Ferrell\ferreyo01,.429,1.7,.521,.798,3.2,2.4,0.8,0.1,1.0,10.5
Dorian Finney-Smith\finnedo01,.362,0.7,.449,.727,2.9,0.9,0.4,0.2,0.9,4.1
Bryn Forbes\forbebr01,.420,1.1,.511,.647,1.4,1.0,0.4,0.0,0.5,6.9
Evan Fournier\fournev01,.459,2.2,.538,.867,3.2,2.9,0.8,0.3,1.7,17.8
De'Aaron Fox\foxde01,.411,0.6,.439,.732,2.7,4.4,1.0,0.3,2.3,11.4
Tim Frazier\fraziti01,.396,0.3,.445,.767,1.9,3.4,0.8,0.1,1.0,3.0
Channing Frye\fryech01,.495,0.7,.590,.933,2.5,0.7,0.3,0.3,0.3,4.7
Channing Frye\fryech01,.497,0.7,.586,.933,2.5,0.6,0.4,0.3,0.4,4.8
Channing Frye\fryech01,.467,1.0,.633,,2.6,0.8,0.0,0.2,0.0,3.8
Markelle Fultz\fultzma01,.394,0.0,.394,.529,2.4,3.2,0.7,0.3,1.0,6.8
Danilo Gallinari\gallida01,.398,1.7,.469,.931,4.8,2.0,0.6,0.5,1.2,15.3
Langston Galloway\gallola01,.378,1.3,.490,.794,1.5,1.0,0.6,0.1,0.3,6.0
Marc Gasol\gasolma01,.420,1.5,.472,.833,8.2,4.1,0.7,1.4,2.6,17.4
Pau Gasol\gasolpa01,.460,0.6,.494,.756,8.1,3.1,0.3,1.0,1.5,10.2
Rudy Gay\gayru01,.471,0.6,.504,.767,5.1,1.3,0.8,0.7,1.4,11.3
Paul George\georgpa01,.429,3.0,.518,.818,5.7,3.4,2.1,0.5,2.7,21.6
Marcus Georges-Hunt\georgma01,.426,0.1,.457,.619,0.4,0.2,0.1,0.0,0.1,1.4
Taj Gibson\gibsota01,.581,0.1,.586,.767,7.1,1.2,0.8,0.7,1.1,12.2
Manu Ginobili\ginobma01,.427,0.9,.493,.832,2.1,2.5,0.7,0.3,1.6,8.6
Rudy Gobert\goberru01,.622,0.0,.622,.689,10.9,1.4,0.8,2.3,1.9,13.7
Aaron Gordon\gordoaa01,.432,2.0,.498,.704,8.2,2.4,1.0,0.8,1.8,17.8
Eric Gordon\gordoer01,.430,3.2,.542,.809,2.5,2.2,0.6,0.4,1.9,18.2
Marcin Gortat\gortama01,.522,0.0,.522,.673,7.6,1.9,0.5,0.7,1.2,8.5
Treveon Graham\grahatr01,.434,0.6,.525,.695,1.9,0.9,0.5,0.0,0.4,4.3
Jerami Grant\grantje01,.528,0.4,.563,.658,3.9,0.7,0.4,0.9,0.7,8.2
Jerian Grant\grantje02,.413,0.8,.475,.754,2.4,4.7,0.8,0.1,1.2,8.2
Josh Gray\grayjo01,.268,0.6,.305,.636,2.0,2.4,1.6,0.4,1.4,6.4
Danny Green\greenda02,.392,1.7,.498,.789,3.7,1.6,0.9,1.2,1.1,8.8
Draymond Green\greendr01,.453,1.1,.515,.776,7.8,7.4,1.4,1.3,2.8,11.1
Gerald Green\greenge01,.401,2.6,.533,.830,3.2,0.6,0.6,0.4,0.6,11.6
JaMychal Green\greenja01,.457,0.8,.501,.721,8.4,1.4,0.6,0.5,1.4,10.3
Jeff Green\greenje02,.465,0.6,.504,.862,3.2,1.3,0.5,0.4,1.0,10.5
Blake Griffin\griffbl01,.438,1.9,.493,.785,7.4,5.8,0.7,0.3,2.8,21.4
Blake Griffin\griffbl01,.441,1.9,.497,.785,7.9,5.4,0.9,0.3,3.0,22.6
Blake Griffin\griffbl01,.433,1.9,.489,.784,6.6,6.2,0.4,0.4,2.6,19.8
Daniel Hamilton\hamilda02,.455,0.4,.545,,1.0,1.4,0.2,0.0,0.4,2.4
Tim Hardaway\hardati02,.420,2.3,.494,.819,3.9,2.7,1.1,0.2,1.6,17.5
James Harden\hardeja01,.449,3.7,.540,.861,5.4,8.8,1.8,0.7,4.3,30.7
Maurice Harkless\harklma01,.495,0.8,.577,.712,2.7,0.9,0.8,0.7,0.7,6.5
Montrezl Harrell\harremo01,.641,0.0,.642,.644,4.0,0.9,0.4,0.7,0.9,10.8
Devin Harris\harride01,.410,1.1,.494,.840,1.8,2.1,0.7,0.2,1.1,8.3
Devin Harris\harride01,.415,1.0,.493,.830,1.9,1.9,0.8,0.2,1.1,8.5
Devin Harris\harride01,.400,1.2,.496,.863,1.6,2.5,0.6,0.2,1.1,8.0
Gary Harris\harriga01,.486,2.4,.573,.827,2.7,3.0,1.8,0.2,1.8,17.7
Joe Harris\harrijo01,.485,1.9,.603,.824,3.3,1.5,0.4,0.2,1.2,10.7
Tobias Harris\harrito02,.463,2.3,.540,.826,5.4,2.4,0.9,0.4,1.3,18.8
Tobias Harris\harrito02,.451,2.4,.531,.846,5.1,2.0,0.7,0.3,1.1,18.1
Tobias Harris\harrito02,.482,2.3,.554,.789,6.1,3.1,1.2,0.7,1.6,19.9
Aaron Harrison\harriaa01,.229,0.5,.271,.818,2.7,1.3,1.0,0.3,0.3,4.7
Andrew Harrison\harrian01,.422,0.8,.477,.780,2.3,3.2,0.7,0.5,1.4,9.5
Shaquille Harrison\harrish01,.463,0.3,.489,.727,2.6,1.7,1.1,0.4,0.8,5.9
Josh Hart\hartjo01,.461,1.1,.565,.671,3.9,1.2,0.7,0.2,0.6,6.8
Udonis Haslem\hasleud01,.214,0.1,.250,,0.7,0.4,0.0,0.2,0.2,0.5
Nigel Hayes\hayesni01,.278,0.5,.361,.333,0.8,0.8,0.0,0.2,0.3,2.3
Nigel Hayes\hayesni01,.333,0.0,.333,1.000,0.0,1.0,0.0,0.0,0.0,1.5
Nigel Hayes\hayesni01,1.000,1.0,1.500,,0.0,0.0,0.0,0.0,0.5,3.0
Nigel Hayes\hayesni01,.154,0.5,.192,.000,2.5,1.5,0.0,0.5,0.5,2.5
Gordon Hayward\haywago01,.500,0.0,.500,,1.0,0.0,0.0,0.0,0.0,2.0
Reggie Hearn\hearnre01,1.000,0.5,1.500,,0.0,0.0,0.0,0.0,0.0,1.5
Myke Henry\henrymy01,.385,1.0,.481,.600,1.7,1.1,1.4,0.3,0.9,5.4
John Henson\hensojo01,.574,0.0,.575,.593,6.8,1.5,0.6,1.5,1.2,8.8
Juan Hernangomez\hernaju01,.392,0.6,.486,.833,2.3,0.5,0.3,0.1,0.4,3.4
Willy Hernangomez\hernawi01,.548,0.1,.562,.630,3.4,0.7,0.4,0.3,0.7,4.8
Willy Hernangomez\hernawi01,.605,0.0,.611,.429,2.6,0.8,0.3,0.3,1.0,4.3
Willy Hernangomez\hernawi01,.477,0.2,.500,.736,4.5,0.5,0.4,0.4,0.4,5.5
Mario Hezonja\hezonma01,.447,1.2,.520,.813,3.6,1.3,1.1,0.4,1.1,9.4
Isaiah Hicks\hicksis01,.413,0.1,.424,.583,2.4,0.6,0.1,0.2,0.7,3.3
Buddy Hield\hieldbu01,.445,2.2,.540,.888,3.8,1.9,1.0,0.3,1.5,13.4
Nene Hilario\hilarne01,.579,0.0,.579,.641,3.5,0.9,0.5,0.3,0.7,6.7
George Hill\hillge01,.460,1.3,.543,.783,2.7,2.8,0.9,0.4,1.3,10.1
George Hill\hillge01,.469,1.3,.558,.778,2.7,2.8,0.9,0.3,1.4,10.3
George Hill\hillge01,.444,1.2,.517,.795,2.8,2.9,0.8,0.6,1.2,9.9
Solomon Hill\hillso01,.385,0.6,.462,.500,2.0,2.3,0.4,0.0,0.3,3.7
Darrun Hilliard\hillida01,.263,0.0,.263,.857,0.5,0.8,0.1,0.0,0.3,1.1
Jrue Holiday\holidjr01,.490,1.5,.538,.783,4.5,5.9,1.4,0.8,2.6,19.0
Justin Holiday\holidju01,.374,2.3,.479,.828,4.0,2.1,1.1,0.4,1.3,12.2
John Holland\hollajo02,.275,0.3,.363,.667,0.9,0.2,0.3,0.1,0.2,1.5
Rondae Hollis-Jefferson\holliro01,.476,0.2,.485,.781,6.8,2.4,0.9,0.7,1.7,14.4
Richaun Holmes\holmeri01,.526,0.1,.536,.660,4.4,1.3,0.3,0.6,0.5,6.0
Rodney Hood\hoodro01,.429,2.2,.514,.867,2.8,1.6,0.7,0.2,1.2,14.9
Rodney Hood\hoodro01,.424,2.6,.516,.876,2.8,1.7,0.8,0.2,1.6,16.8
Rodney Hood\hoodro01,.442,1.3,.508,.826,2.6,1.4,0.7,0.3,0.4,11.2
Scotty Hopson\hopsosc01,.000,0.0,.000,.500,0.0,1.0,0.0,0.0,1.0,1.0
Al Horford\horfoal01,.494,1.4,.559,.757,7.3,4.8,0.6,1.1,1.9,12.8
Danuel House\houseda01,.422,0.6,.489,.875,2.9,0.8,0.3,0.2,0.5,5.5
Dwight Howard\howardw01,.557,0.0,.557,.572,12.4,1.3,0.6,1.6,2.6,16.8
Josh Huestis\huestjo01,.328,0.5,.417,.300,2.4,0.3,0.2,0.6,0.4,2.3
R.J. Hunter\hunterj01,.000,0.0,.000,,0.3,0.5,0.3,0.0,0.0,0.0
Vince Hunter\huntevi01,.600,0.0,.600,,0.8,0.0,0.0,0.3,0.3,1.5
Serge Ibaka\ibakase01,.478,1.4,.545,.803,6.3,0.8,0.4,1.3,1.2,12.6
Andre Iguodala\iguodan01,.465,0.5,.518,.632,3.9,3.3,0.9,0.6,1.1,6.0
Ersan Ilyasova\ilyaser01,.457,1.3,.532,.778,5.6,1.2,0.9,0.4,1.0,10.6
Ersan Ilyasova\ilyaser01,.459,1.3,.535,.800,5.5,1.1,1.0,0.4,0.9,10.9
Ersan Ilyasova\ilyaser01,.451,1.2,.523,.704,6.1,1.6,0.8,0.3,1.3,9.9
Joe Ingles\inglejo01,.463,2.5,.607,.810,4.2,4.7,1.1,0.2,1.9,11.5
Brandon Ingram\ingrabr01,.470,0.7,.497,.681,5.3,3.9,0.8,0.7,2.5,16.1
Kyrie Irving\irvinky01,.491,2.8,.568,.889,3.8,5.1,1.1,0.3,2.3,24.4
Jonathan Isaac\isaacjo01,.379,0.6,.434,.760,3.7,0.7,1.2,1.1,1.0,5.4
Wesley Iwundu\iwundwe01,.425,0.1,.444,.737,2.1,0.9,0.5,0.2,0.5,3.4
Jarrett Jack\jackja01,.425,0.4,.453,.829,3.1,5.7,0.6,0.1,1.9,7.6
Demetrius Jackson\jacksde01,.389,0.1,.417,.500,0.8,0.6,0.3,0.1,0.7,1.1
Demetrius Jackson\jacksde01,.286,0.0,.286,,0.9,0.4,0.3,0.1,0.8,0.7
Demetrius Jackson\jacksde01,.750,0.3,.875,.500,0.3,1.3,0.3,0.0,0.3,2.7
Josh Jackson\jacksjo02,.421,0.8,.452,.628,4.5,1.6,1.0,0.4,1.9,13.0
Justin Jackson\jacksju01,.451,0.8,.519,.722,2.8,1.1,0.4,0.2,0.6,6.8
Reggie Jackson\jacksre01,.435,1.2,.481,.817,2.8,5.1,0.6,0.1,2.4,14.7
LeBron James\jamesle01,.542,1.8,.589,.732,8.7,9.1,1.4,0.9,4.2,27.4
Mike James\jamesmi02,.383,0.7,.424,.762,2.5,3.5,0.8,0.2,1.4,9.3
Mike James\jamesmi02,.388,0.8,.429,.762,2.8,3.8,0.8,0.2,1.5,10.4
Mike James\jamesmi02,.222,0.0,.222,,0.3,1.5,0.3,0.0,0.3,1.0
Al Jefferson\jeffeal01,.531,0.0,.531,.813,3.9,0.9,0.5,0.7,0.6,6.9
Richard Jefferson\jefferi01,.444,0.1,.481,.571,0.9,0.8,0.1,0.1,0.3,1.5
Brandon Jennings\jennibr01,.380,0.7,.460,1.000,1.9,3.0,0.5,0.4,1.1,5.0
Jonas Jerebko\jerebjo01,.457,0.8,.548,.800,3.4,0.6,0.3,0.2,0.3,5.7
Amir Johnson\johnsam01,.529,0.1,.546,.605,4.3,1.5,0.6,0.6,0.8,4.3
Brice Johnson\johnsbr02,.476,0.0,.476,.600,1.7,0.1,0.5,0.3,0.3,2.4
Brice Johnson\johnsbr02,.636,0.0,.636,1.000,1.4,0.1,0.7,0.2,0.4,1.8
Brice Johnson\johnsbr02,.419,0.0,.419,.333,2.0,0.1,0.3,0.4,0.1,3.0
Dakari Johnson\johnsda04,.564,0.0,.564,.550,1.2,0.3,0.2,0.3,0.1,1.9
James Johnson\johnsja01,.503,0.8,.551,.693,4.9,3.9,1.0,0.7,1.9,10.8
Joe Johnson\johnsjo02,.410,0.7,.466,.881,3.2,1.5,0.4,0.1,0.9,6.9
Joe Johnson\johnsjo02,.420,0.7,.471,.833,3.3,1.4,0.4,0.2,1.0,7.3
Joe Johnson\johnsjo02,.389,0.8,.456,.944,2.8,1.7,0.3,0.1,0.8,6.3
Stanley Johnson\johnsst04,.374,0.9,.432,.789,3.6,1.5,1.4,0.2,1.1,8.5
Tyler Johnson\johnsty01,.436,1.7,.522,.819,3.4,2.3,0.8,0.5,1.1,11.8
Wesley Johnson\johnswe01,.405,0.8,.489,.745,3.0,0.8,1.0,0.9,0.8,5.5
Nikola Jokic\jokicni01,.502,1.5,.557,.848,10.5,6.0,1.2,0.8,2.8,18.3
Damian Jones\jonesda03,.800,0.0,.800,.500,0.9,0.0,0.0,0.2,0.3,1.6
Derrick Jones\jonesde02,.383,0.1,.404,.650,1.9,0.4,0.2,0.7,0.3,2.8
Derrick Jones\jonesde02,.500,0.0,.500,.833,0.7,0.5,0.2,0.7,0.2,1.5
Derrick Jones\jonesde02,.372,0.2,.395,.571,2.5,0.4,0.3,0.8,0.4,3.5
Jalen Jones\jonesja04,.389,0.4,.458,.750,1.8,0.2,0.2,0.0,0.2,3.0
Jalen Jones\jonesja04,.250,0.3,.375,1.000,0.8,0.0,0.0,0.0,0.0,1.3
Jalen Jones\jonesja04,.406,0.4,.469,.667,2.3,0.2,0.2,0.0,0.3,3.8
Tyus Jones\jonesty01,.462,0.5,.526,.896,1.7,2.8,1.2,0.1,0.7,5.1
DeAndre Jordan\jordade01,.644,0.0,.644,.597,15.4,1.5,0.5,0.9,1.8,12.2
Cory Joseph\josepco01,.425,0.8,.481,.750,3.3,3.1,1.0,0.2,1.0,7.9
Frank Kaminsky\kaminfr01,.425,1.3,.497,.794,3.6,1.6,0.5,0.2,0.9,10.8
Enes Kanter\kanteen01,.592,0.0,.592,.848,11.0,1.5,0.5,0.5,1.7,14.1
Luke Kennard\kennalu01,.434,1.0,.519,.873,2.2,1.6,0.6,0.2,0.9,7.1
Michael Kidd-Gilchrist\kiddgmi01,.504,0.0,.504,.679,4.1,1.0,0.7,0.4,0.7,9.3
Sean Kilpatrick\kilpase01,.346,0.7,.418,.914,1.6,0.8,0.2,0.1,0.6,5.3
Sean Kilpatrick\kilpase01,.291,0.7,.355,.947,2.2,0.9,0.1,0.1,1.0,4.9
Sean Kilpatrick\kilpase01,.378,0.6,.457,.947,1.1,0.7,0.2,0.0,0.4,4.0
Sean Kilpatrick\kilpase01,.389,0.8,.472,1.000,0.5,0.8,0.0,0.0,0.3,4.8
Sean Kilpatrick\kilpase01,.368,1.6,.439,.833,2.6,1.4,0.4,0.4,1.0,13.0
Maxi Kleber\klebima01,.470,0.5,.530,.746,3.1,0.7,0.4,0.6,0.4,5.1
Furkan Korkmaz\korkmfu01,.333,0.4,.438,.500,0.9,0.3,0.2,0.1,0.2,1.9
Luke Kornet\kornelu01,.333,1.1,.428,.750,3.1,1.2,0.3,0.7,0.3,5.0
Kyle Korver\korveky01,.457,2.3,.628,.886,2.2,1.2,0.4,0.4,0.7,9.3
Kosta Koufos\koufoko01,.571,0.0,.571,.446,6.6,1.2,0.7,0.5,0.7,6.7
Kyle Kuzma\kuzmaky01,.451,2.1,.528,.706,6.3,1.9,0.6,0.4,1.8,16.1
Mindaugas Kuzminskas\kuzmimi01,.000,0.0,.000,,0.0,0.0,0.0,0.0,0.0,0.0
Skal Labissiere\labissk01,.448,0.3,.467,.805,4.8,1.2,0.4,0.8,1.2,8.7
Jeremy Lamb\lambje01,.454,1.2,.510,.859,4.1,2.3,0.8,0.4,1.2,13.0
Shane Larkin\larkish01,.392,0.6,.466,.909,1.5,1.5,0.5,0.0,0.6,4.2
Joffrey Lauvergne\lauvejo01,.522,0.0,.522,.644,3.3,0.7,0.2,0.1,0.6,4.3
Zach LaVine\lavinza01,.383,1.8,.442,.813,3.9,3.0,1.0,0.2,1.8,16.7
Jake Layman\laymaja01,.273,0.1,.318,.667,0.4,0.3,0.2,0.1,0.2,0.9
T.J. Leaf\leaftj01,.471,0.4,.545,.667,1.5,0.2,0.1,0.1,0.2,2.8
Courtney Lee\leeco01,.450,1.5,.523,.919,2.9,2.4,1.1,0.2,1.1,11.9
Damion Lee\leeda03,.396,1.0,.448,.792,4.5,2.1,1.5,0.1,0.7,10.4
Walt Lemon Jr.\lemonwa01,.438,0.2,.469,.667,0.4,1.0,0.0,0.2,0.8,3.4
Alex Len\lenal01,.566,0.0,.568,.689,7.6,1.1,0.4,0.9,1.1,8.3
Kawhi Leonard\leonaka01,.468,1.2,.518,.816,4.7,2.3,2.0,1.0,1.8,16.2
Meyers Leonard\leoname01,.583,0.3,.646,.800,2.1,0.5,0.2,0.0,0.3,3.4
Jon Leuer\leuerjo01,.417,0.0,.417,.867,4.0,0.6,0.1,0.4,0.9,5.4
Caris LeVert\leverca01,.434,1.2,.491,.709,3.7,4.2,1.1,0.3,2.1,12.1
DeAndre Liggins\liggide01,.396,0.4,.490,.400,1.4,0.8,0.7,0.3,0.4,1.9
DeAndre Liggins\liggide01,.338,0.4,.423,.400,1.6,0.9,0.9,0.3,0.4,1.8
DeAndre Liggins\liggide01,.500,0.3,.611,,1.1,0.8,0.4,0.2,0.3,1.9
Damian Lillard\lillada01,.438,3.1,.517,.921,4.5,6.6,1.1,0.4,2.8,26.7
Jeremy Lin\linje01,.417,1.0,.458,1.000,0.0,4.0,0.0,0.0,3.0,18.0
Shaun Livingston\livinsh01,.509,0.0,.509,.807,1.8,1.9,0.5,0.3,0.8,5.5
Kevon Looney\looneke01,.569,0.0,.572,.553,3.1,0.6,0.5,0.8,0.5,3.8
Brook Lopez\lopezbr01,.468,1.5,.539,.685,4.0,1.8,0.4,1.4,1.3,13.2
Robin Lopez\lopezro01,.530,0.1,.533,.756,4.5,1.9,0.2,0.8,1.7,11.8
Kevin Love\loveke01,.455,2.2,.545,.882,9.4,1.7,0.7,0.4,1.5,17.5
Kyle Lowry\lowryky01,.428,3.1,.554,.857,5.6,6.8,1.1,0.2,2.3,16.4
Timothe Luwawu-Cabarrot\luwawti01,.375,1.0,.474,.793,1.4,1.0,0.2,0.1,0.7,5.8
Tyler Lydon\lydonty01,,0.0,,,0.0,0.0,0.0,0.0,0.0,0.0
Trey Lyles\lylestr01,.490,1.2,.565,.697,4.9,1.3,0.4,0.5,0.9,10.2
Shelvin Mack\macksh01,.433,0.7,.491,.739,2.4,3.8,0.8,0.1,1.3,6.8
Josh Magette\magetjo01,.310,0.4,.393,1.000,1.1,3.2,0.4,0.0,0.5,2.4
Ian Mahinmi\mahinia01,.570,0.0,.570,.710,4.0,0.7,0.5,0.5,1.3,4.8
Thon Maker\makerth01,.417,0.4,.466,.689,3.1,0.6,0.5,0.7,0.6,4.9
Boban Marjanovic\marjabo01,.524,0.0,.524,.818,3.2,0.6,0.3,0.3,0.9,5.5
Boban Marjanovic\marjabo01,.519,0.0,.519,.800,3.0,0.7,0.2,0.3,1.2,6.2
Boban Marjanovic\marjabo01,.533,0.0,.533,.844,3.5,0.4,0.3,0.3,0.5,4.7
Lauri Markkanen\markkla01,.433,2.1,.516,.852,7.5,1.1,0.5,0.6,1.2,15.1
Jarell Martin\martija01,.441,0.4,.474,.772,4.3,1.0,0.5,0.7,1.2,7.6
Frank Mason\masonfr01,.379,0.6,.419,.823,2.5,2.9,0.7,0.2,1.2,8.0
Mangok Mathiang\mathima01,.571,0.0,.571,.000,2.5,0.0,0.3,0.0,0.0,2.0
Wesley Matthews\matthwe02,.406,2.4,.516,.822,3.1,2.7,1.2,0.3,1.3,12.7
Luc Mbah a Moute\mbahalu01,.488,1.0,.578,.697,3.1,0.9,1.1,0.4,1.2,7.6
James Michael McAdoo\mcadoja01,.286,0.7,.429,1.000,0.7,0.0,0.0,0.3,0.3,2.7
Patrick McCaw\mccawpa01,.409,0.3,.451,.765,1.4,1.4,0.8,0.2,0.7,4.0
C.J. McCollum\mccolcj01,.449,2.4,.513,.838,3.9,3.4,1.0,0.4,1.8,21.6
T.J. McConnell\mccontj01,.501,0.4,.532,.795,3.0,4.1,1.2,0.2,1.6,6.5
Erik McCree\mccreer01,.000,0.0,.000,,0.3,0.0,0.3,0.0,0.3,0.0
Chris McCullough\mcculch01,.429,0.1,.440,.643,1.3,0.2,0.0,0.3,0.1,2.4
Doug McDermott\mcderdo01,.469,1.1,.561,.797,2.5,1.0,0.2,0.2,0.7,7.8
Doug McDermott\mcderdo01,.460,1.0,.541,.755,2.4,0.9,0.2,0.2,0.6,7.2
Doug McDermott\mcderdo01,.487,1.6,.601,.885,2.7,1.2,0.4,0.1,0.9,9.3
JaVale McGee\mcgeeja01,.612,0.0,.612,.750,2.5,0.5,0.3,0.9,0.4,4.6
Rodney McGruder\mcgruro01,.483,0.8,.578,.500,1.8,0.8,0.5,0.1,0.2,4.9
Trey McKinney-Jones\mckintr01,,0.0,,,0.0,0.0,0.0,0.0,0.0,0.0
Alfonzo McKinnie\mckinal01,.538,0.2,.654,.667,0.5,0.1,0.1,0.1,0.2,1.5
Ben McLemore\mclembe01,.418,0.9,.492,.824,2.4,0.9,0.7,0.3,1.1,7.1
Josh McRoberts\mcrobjo01,.000,0.0,.000,,0.0,0.0,0.0,0.0,0.0,0.0
Jodie Meeks\meeksjo01,.398,0.9,.485,.876,1.7,0.9,0.4,0.1,0.5,6.3
Salah Mejri\mejrisa01,.642,0.0,.642,.576,4.1,0.6,0.4,1.1,0.6,3.6
Jordan Mickey\mickejo01,.474,0.0,.481,.667,3.6,0.4,0.3,0.5,0.8,4.0
Khris Middleton\middlkh01,.468,1.8,.527,.877,5.3,4.0,1.5,0.2,2.3,20.2
C.J. Miles\milescj01,.386,2.4,.527,.837,2.2,0.7,0.6,0.3,0.6,10.1
Darius Miller\milleda01,.445,1.8,.601,.869,2.0,1.4,0.3,0.2,0.7,7.8
Malcolm Miller\millema01,.464,0.5,.607,1.000,1.0,0.2,0.1,0.1,0.3,2.5
Patty Mills\millspa02,.413,1.9,.527,.897,1.9,2.8,0.7,0.1,1.3,9.9
Paul Millsap\millspa01,.480,1.1,.527,.702,6.5,2.8,1.1,1.2,2.0,15.1
Nikola Mirotic\mirotni01,.430,2.3,.527,.802,6.9,1.5,0.8,0.7,1.1,14.6
Nikola Mirotic\mirotni01,.474,2.8,.588,.823,6.4,1.6,0.6,0.5,1.2,16.8
Nikola Mirotic\mirotni01,.386,1.8,.464,.766,7.4,1.4,0.9,0.9,1.0,12.4
Donovan Mitchell\mitchdo01,.437,2.4,.507,.808,3.6,3.6,1.5,0.3,2.7,20.4
Naz Mitrou-Long\mitrona01,1.000,1.0,1.500,,0.0,0.0,0.0,0.0,0.0,3.0
Malik Monk\monkma01,.347,1.2,.443,.778,1.1,1.3,0.3,0.1,0.8,5.9
Greg Monroe\monrogr01,.552,0.0,.552,.714,6.8,2.0,0.8,0.4,1.8,9.8
Greg Monroe\monrogr01,.485,0.0,.485,.500,5.0,1.0,0.0,0.0,1.2,6.8
Greg Monroe\monrogr01,.626,0.0,.626,.674,8.0,2.5,0.8,0.3,2.0,11.3
Greg Monroe\monrogr01,.494,0.0,.494,.771,6.1,1.7,1.0,0.7,1.9,9.2
Luis Montero\montelu01,.000,0.0,.000,,1.0,0.0,0.0,0.0,1.0,0.0
Ben Moore\moorebe01,,0.0,,,0.5,0.5,0.0,0.0,0.0,0.0
E'Twaun Moore\mooreet01,.499,1.5,.574,.677,3.0,2.2,0.9,0.1,1.3,12.2
Eric Moreland\moreler01,.520,0.0,.520,.385,4.0,1.1,0.4,0.7,0.6,1.8
Jaylen Morris\morrija01,.419,0.3,.452,,2.7,1.2,0.3,0.2,1.0,4.7
Marcus Morris\morrima03,.430,1.7,.503,.811,5.5,1.3,0.6,0.2,1.1,13.6
Markieff Morris\morrima02,.488,1.0,.544,.828,5.7,1.9,0.8,0.6,1.8,11.5
Monte Morris\morrimo01,.667,0.0,.667,1.000,0.7,2.3,1.0,0.0,0.3,3.3
Johnathan Motley\motlejo01,.600,0.0,.600,.412,2.6,0.3,0.0,0.3,0.4,4.4
Timofey Mozgov\mozgoti01,.529,0.1,.553,.760,3.1,0.3,0.2,0.4,1.1,4.0
Emmanuel Mudiay\mudiaem01,.389,0.7,.434,.760,2.4,3.3,0.7,0.2,1.8,8.8
Emmanuel Mudiay\mudiaem01,.401,0.9,.460,.808,2.2,2.9,0.5,0.1,1.7,8.5
Emmanuel Mudiay\mudiaem01,.371,0.4,.394,.686,2.7,4.0,1.0,0.3,1.9,9.2
Shabazz Muhammad\muhamsh01,.447,0.1,.465,.744,1.6,0.3,0.2,0.1,0.1,4.6
Shabazz Muhammad\muhamsh01,.388,0.1,.405,.710,1.4,0.2,0.2,0.1,0.2,3.8
Shabazz Muhammad\muhamsh01,.592,0.2,.612,.875,2.3,0.8,0.4,0.1,0.1,7.4
Xavier Munford\munfoxa02,.167,0.0,.167,.500,0.2,0.7,0.2,0.0,0.3,0.5
Dejounte Murray\murrade01,.442,0.1,.450,.700,5.6,2.8,1.2,0.4,1.6,7.8
Jamal Murray\murraja01,.449,2.1,.528,.912,3.7,3.4,1.0,0.3,2.2,16.6
Mike Muscala\muscami01,.472,1.2,.574,.915,4.3,0.9,0.6,0.5,0.8,7.8
Abdel Nader\naderab01,.349,0.5,.438,.629,1.4,0.5,0.3,0.2,0.7,3.1
Larry Nance\nancela02,.590,0.0,.593,.662,6.9,1.3,1.4,0.6,0.8,8.9
Larry Nance\nancela02,.601,0.0,.603,.632,6.8,1.4,1.4,0.5,1.0,8.6
Larry Nance\nancela02,.571,0.1,.575,.717,7.3,1.2,1.4,0.8,0.5,9.7
Shabazz Napier\napiesh01,.427,1.1,.506,.835,2.2,2.1,1.1,0.2,1.3,8.8
Jameer Nelson\nelsoja01,.389,0.8,.473,.800,2.1,3.6,0.5,0.1,1.3,4.9
Jameer Nelson\nelsoja01,.410,0.9,.507,.765,2.2,3.6,0.5,0.1,1.3,5.1
Jameer Nelson\nelsoja01,.282,0.1,.295,1.000,1.1,3.3,0.6,0.1,1.6,3.7
Raul Neto\netora01,.456,0.5,.520,.788,1.2,1.8,0.3,0.1,0.8,4.6
Georges Niang\niangge01,.375,0.0,.375,.500,0.7,0.4,0.3,0.0,0.3,1.0
Joakim Noah\noahjo01,.500,0.0,.500,.500,2.0,0.6,0.3,0.3,0.6,1.7
Nerlens Noel\noelne01,.524,0.0,.524,.750,5.6,0.7,1.0,0.7,0.9,4.4
Lucas Nogueira\noguelu01,.603,0.1,.637,.679,1.8,0.5,0.5,0.9,0.3,2.4
Dirk Nowitzki\nowitdi01,.456,1.8,.547,.898,5.7,1.6,0.6,0.6,0.7,12.0
Frank Ntilikina\ntilila01,.355,0.6,.403,.721,2.2,3.1,0.8,0.2,1.7,5.6
Jusuf Nurkic\nurkiju01,.503,0.0,.503,.645,8.8,1.8,0.8,1.4,2.3,14.3
David Nwaba\nwabada01,.497,0.2,.519,.652,4.6,1.5,0.8,0.4,1.0,7.8
Johnny O'Bryant\obryajo01,.398,0.4,.439,.840,2.6,0.4,0.3,0.2,0.4,4.8
Royce O'Neale\onealro01,.405,0.6,.473,.814,3.3,1.4,0.6,0.2,0.8,4.7
Kyle O'Quinn\oquinky01,.585,0.0,.586,.767,5.9,2.0,0.5,1.2,1.3,6.9
Semi Ojeleye\ojelese01,.321,0.5,.426,.590,2.1,0.3,0.3,0.0,0.3,2.4
Emeka Okafor\okafoem01,.495,0.0,.495,.810,4.9,0.3,0.3,1.1,0.5,4.7
Jahlil Okafor\okafoja01,.558,0.0,.562,.724,3.0,0.4,0.1,0.6,0.8,6.3
Jahlil Okafor\okafoja01,.444,0.0,.444,.500,4.5,0.5,0.0,1.0,1.5,5.0
Jahlil Okafor\okafoja01,.566,0.0,.570,.760,2.9,0.4,0.1,0.6,0.7,6.4
Victor Oladipo\oladivi01,.474,2.1,.533,.808,5.3,4.3,2.3,0.8,2.9,23.4
Kelly Olynyk\olynyke01,.500,1.4,.581,.759,5.6,2.7,0.8,0.5,1.9,11.5
Cedi Osman\osmande01,.513,0.5,.601,.571,1.8,0.5,0.3,0.1,0.5,3.6
Kelly Oubre\oubreke01,.408,1.5,.487,.821,4.5,1.2,0.9,0.4,1.1,11.9
Zaza Pachulia\pachuza01,.562,0.0,.562,.805,4.7,1.6,0.6,0.2,1.1,5.5
Marcus Paige\paigema01,.375,0.5,.438,1.000,1.5,1.0,0.0,0.0,0.0,4.5
Georgios Papagiannis\papagge01,.415,0.0,.415,,2.3,0.6,0.1,0.4,0.5,2.1
Jabari Parker\parkeja01,.489,1.0,.537,.750,4.3,1.9,0.7,0.4,1.2,11.9
Tony Parker\parketo01,.464,0.2,.477,.703,1.8,3.7,0.5,0.0,1.2,8.0
Chandler Parsons\parsoch01,.462,1.4,.571,.630,2.5,1.9,0.5,0.3,1.0,7.9
Patrick Patterson\pattepa01,.392,0.8,.513,.860,2.4,0.7,0.6,0.3,0.4,3.8
Justin Patton\pattoju01,.500,0.0,.500,,0.0,0.0,1.0,0.0,0.0,2.0
Brandon Paul\paulbr01,.421,0.2,.479,.512,1.1,0.6,0.4,0.1,0.5,2.2
Chris Paul\paulch01,.455,2.5,.545,.917,5.5,7.9,1.7,0.3,2.2,18.5
Adreian Payne\paynead01,.700,0.4,.800,.833,1.8,0.0,0.4,0.0,0.4,4.2
Cameron Payne\payneca01,.407,1.2,.480,.786,2.7,4.2,1.0,0.4,1.3,8.6
Elfrid Payton\paytoel01,.493,0.5,.516,.649,4.3,6.2,1.3,0.3,2.7,12.7
Elfrid Payton\paytoel01,.520,0.6,.547,.632,4.0,6.3,1.5,0.4,2.6,13.0
Elfrid Payton\paytoel01,.435,0.3,.447,.685,5.3,6.2,1.0,0.3,2.8,11.8
Gary Payton\paytoga02,.383,0.1,.404,.667,1.2,0.7,0.2,0.2,0.2,2.1
Gary Payton\paytoga02,.394,0.2,.424,.667,1.4,0.8,0.3,0.1,0.3,2.5
Gary Payton\paytoga02,.357,0.0,.357,,0.9,0.6,0.0,0.3,0.0,1.4
London Perrantes\perralo01,.167,0.0,.167,.333,0.2,0.4,0.0,0.0,0.1,0.2
Alec Peters\peteral01,.271,0.5,.354,.667,1.5,0.6,0.1,0.1,0.1,2.2
Marshall Plumlee\plumlma02,.333,0.0,.333,.750,2.1,0.3,0.0,0.1,0.4,1.8
Mason Plumlee\plumlma01,.597,0.0,.597,.450,5.4,2.0,0.7,1.1,1.4,7.1
Miles Plumlee\plumlmi01,.589,0.0,.589,.426,4.2,0.8,0.3,0.6,1.2,4.5
Jakob Poeltl\poeltja01,.639,0.0,.641,.594,4.7,0.7,0.4,1.3,1.0,6.6
Quincy Pondexter\pondequ01,.286,0.1,.316,.824,1.2,0.4,0.3,0.1,0.5,2.0
Otto Porter\porteot01,.501,1.8,.580,.831,6.4,2.0,1.5,0.5,0.9,14.8
Bobby Portis\portibo01,.467,1.1,.518,.778,6.8,1.7,0.7,0.3,1.3,13.3
Kristaps Porzingis\porzikr01,.439,1.9,.489,.793,6.6,1.2,0.8,2.4,1.9,22.7
Dwight Powell\poweldw01,.602,0.3,.632,.718,5.6,1.1,0.8,0.4,0.8,8.4
Norman Powell\powelno01,.409,0.8,.480,.821,1.6,1.3,0.5,0.2,1.0,5.7
Alex Poythress\poythal01,.440,0.2,.520,,0.7,0.1,0.1,0.0,0.1,1.1
Jacob Pullen\pulleja01,.500,0.0,.500,,0.0,0.0,0.0,0.0,0.3,0.7
Rodney Purvis\purviro01,.333,0.8,.408,.889,1.1,0.8,0.3,0.2,0.7,5.2
Zhou Qi\qizh01,.185,0.1,.222,.700,1.1,0.1,0.1,0.4,0.4,1.2
Tim Quarterman\quartti01,.500,0.0,.500,,1.0,0.5,0.0,0.0,0.0,1.0
Ivan Rabb\rabbiv01,.581,0.0,.581,.773,3.7,0.7,0.3,0.2,0.9,4.5
Julius Randle\randlju01,.561,0.1,.567,.704,8.0,2.5,0.5,0.6,2.6,16.2
Zach Randolph\randoza01,.473,0.9,.507,.785,6.7,2.2,0.7,0.2,2.0,14.5
Xavier Rathan-Mayes\rathaxa01,.286,0.2,.298,.444,1.0,3.6,1.2,0.6,2.2,5.8
J.J. Redick\redicjj01,.453,2.7,.561,.906,2.5,2.9,0.5,0.1,1.5,16.7
Davon Reed\reedda01,.288,0.5,.364,.600,1.8,0.5,0.6,0.1,0.4,2.7
Willie Reed\reedwi02,.669,0.0,.674,.582,2.9,0.2,0.2,0.5,0.5,4.6
Willie Reed\reedwi02,.667,0.0,.671,.582,3.1,0.2,0.2,0.6,0.5,4.9
Willie Reed\reedwi02,1.000,0.0,1.000,,0.3,0.3,0.0,0.0,0.0,0.7
Josh Richardson\richajo01,.452,1.6,.525,.842,3.5,2.8,1.5,0.9,1.8,13.0
Malachi Richardson\richama01,.333,0.5,.400,.773,1.3,0.5,0.4,0.0,0.4,3.4
Malachi Richardson\richama01,.330,0.5,.398,.773,1.3,0.5,0.4,0.0,0.4,3.5
Malachi Richardson\richama01,.500,0.0,.500,,1.0,0.0,0.0,0.0,0.0,2.0
Austin Rivers\riverau01,.428,2.3,.514,.644,2.4,3.9,1.2,0.3,1.8,15.3
Andre Roberson\roberan03,.537,0.2,.562,.316,4.7,1.2,1.2,0.9,0.8,5.0
Glenn Robinson\robingl02,.373,0.3,.415,.857,1.4,0.7,0.6,0.1,0.1,2.9
Rajon Rondo\rondora01,.465,0.8,.515,.581,4.0,7.9,1.0,0.2,2.3,8.2
Derrick Rose\rosede01,.442,0.3,.461,.864,1.6,1.6,0.2,0.2,1.5,9.0
Derrick Rose\rosede01,.439,0.4,.462,.854,1.8,1.6,0.2,0.3,1.8,9.8
Derrick Rose\rosede01,.455,0.0,.455,1.000,0.8,1.6,0.4,0.0,0.8,6.6
Terrence Ross\rosste01,.407,1.3,.486,.743,3.2,1.6,1.2,0.4,1.1,9.0
Terry Rozier\roziete01,.402,2.0,.499,.772,4.6,2.8,1.0,0.2,0.9,11.5
Ricky Rubio\rubiori01,.414,1.3,.472,.861,4.6,5.4,1.6,0.2,2.8,13.2
D'Angelo Russell\russeda01,.409,1.8,.474,.750,4.0,5.1,0.8,0.4,2.9,15.4
Domantas Sabonis\sabondo01,.519,0.2,.529,.739,7.7,2.0,0.5,0.4,1.9,11.4
JaKarr Sampson\sampsja02,.517,0.3,.558,.615,3.2,0.5,0.4,1.0,0.4,3.9
Dario Saric\saricda01,.455,2.1,.545,.868,6.9,2.6,0.7,0.3,2.0,14.9
Tomas Satoransky\satorto01,.524,0.6,.586,.781,3.1,3.9,0.7,0.2,1.1,7.1
Dennis Schroder\schrode01,.436,1.1,.469,.849,3.1,6.2,1.1,0.1,2.7,19.4
Mike Scott\scottmi01,.533,0.9,.598,.676,3.2,1.0,0.3,0.1,1.1,8.7
Thabo Sefolosha\sefolth01,.492,0.8,.558,.815,4.2,0.9,1.4,0.3,0.8,8.2
Wayne Selden\seldewa01,.431,1.4,.522,.746,1.6,1.9,0.5,0.1,1.5,9.3
Ramon Sessions\sessira01,.353,0.3,.388,.768,1.4,2.8,0.5,0.1,1.1,4.9
Ramon Sessions\sessira01,.321,0.2,.340,.800,1.4,2.1,0.5,0.1,1.2,3.7
Ramon Sessions\sessira01,.381,0.4,.429,.756,1.4,3.4,0.5,0.1,1.1,6.1
Iman Shumpert\shumpim01,.379,0.5,.440,.733,2.9,1.2,0.6,0.3,1.1,4.4
Pascal Siakam\siakapa01,.512,0.4,.540,.646,4.5,1.9,0.8,0.5,0.8,7.4
Xavier Silas\silasxa01,,0.0,,,0.0,0.0,0.0,0.0,0.0,0.0
Ben Simmons\simmobe01,.541,0.0,.541,.563,8.1,8.1,1.7,0.9,3.4,15.8
Jonathon Simmons\simmojo02,.465,1.0,.511,.768,3.5,2.5,0.8,0.2,2.1,13.9
Kobi Simmons\simmoko01,.423,0.2,.440,1.000,1.6,1.9,0.7,0.2,1.2,5.2
Kyle Singler\singlky01,.333,0.2,.381,.538,0.8,0.2,0.1,0.0,0.3,1.9
Marcus Smart\smartma01,.367,1.4,.440,.729,3.5,4.8,1.3,0.4,2.4,10.2
Dennis Smith\smithde03,.396,1.6,.449,.695,3.8,5.1,1.0,0.2,2.8,15.2
Ish Smith\smithis01,.481,0.4,.499,.698,2.8,4.3,0.8,0.2,1.3,10.8
J.R. Smith\smithjr01,.402,1.8,.523,.696,2.9,1.8,0.9,0.1,1.0,8.3
Jason Smith\smithja02,.384,0.1,.402,.895,1.7,0.5,0.1,0.4,0.5,3.5
Josh Smith\smithjo03,.250,0.0,.250,,1.3,0.0,0.0,0.0,0.0,0.7
Tony Snell\snellto01,.438,1.4,.567,.804,1.8,1.3,0.6,0.3,0.5,6.9
Marreese Speights\speigma01,.394,1.7,.519,.755,2.6,0.7,0.1,0.4,0.7,7.8
Nik Stauskas\stausni01,.391,1.0,.530,.773,1.5,0.8,0.2,0.1,0.6,4.3
Nik Stauskas\stausni01,.250,0.0,.250,1.000,0.2,0.2,0.7,0.0,0.7,0.7
Nik Stauskas\stausni01,.395,1.2,.539,.750,1.8,1.0,0.1,0.1,0.6,5.0
Lance Stephenson\stephla01,.435,0.8,.481,.672,5.0,2.8,0.6,0.2,1.7,9.3
David Stockton\stockda01,.500,0.5,.750,1.000,0.0,0.0,0.0,0.0,0.5,3.5
Julyan Stone\stoneju01,.429,0.2,.643,.500,1.2,0.8,0.1,0.1,0.3,0.5
Caleb Swanigan\swanica01,.370,0.0,.380,.615,1.9,0.6,0.2,0.1,0.6,2.0
Jayson Tatum\tatumja01,.476,1.3,.540,.828,5.1,1.6,1.0,0.8,1.4,13.9
Isaiah Taylor\taylois01,.431,0.3,.457,.701,1.4,3.0,0.5,0.2,1.2,6.5
Jeff Teague\teaguje01,.443,1.2,.496,.842,3.0,7.0,1.5,0.3,2.5,13.8
Marquis Teague\teaguma01,.300,0.0,.300,.400,2.0,5.0,1.0,0.0,1.0,4.0
Mirza Teletovic\teletmi01,.439,2.1,.623,,2.3,1.0,0.4,0.1,0.7,7.1
Garrett Temple\templga01,.418,1.4,.512,.769,2.3,1.9,0.9,0.4,1.2,8.4
Milos Teodosic\teodomi01,.419,2.0,.542,.848,2.8,4.6,0.5,0.1,2.2,9.5
Jason Terry\terryja01,.387,0.8,.518,.889,1.0,1.2,0.8,0.3,0.5,3.3
Daniel Theis\theisda01,.541,0.3,.579,.753,4.3,0.9,0.5,0.8,0.9,5.3
Isaiah Thomas\thomais02,.373,1.7,.438,.893,2.1,4.8,0.5,0.1,3.0,15.2
Isaiah Thomas\thomais02,.361,1.5,.418,.868,2.1,4.5,0.6,0.1,2.7,14.7
Isaiah Thomas\thomais02,.383,1.9,.456,.921,2.1,5.0,0.4,0.1,3.2,15.6
Lance Thomas\thomala01,.377,0.7,.472,.830,2.4,0.6,0.4,0.2,0.6,4.0
Klay Thompson\thompkl01,.491,3.1,.588,.832,3.8,2.6,0.8,0.5,1.8,19.9
Tristan Thompson\thomptr01,.564,0.0,.564,.553,6.9,0.6,0.3,0.3,0.7,5.9
Sindarius Thornwell\thornsi01,.427,0.3,.471,.696,1.9,0.8,0.7,0.3,0.6,3.6
Anthony Tolliver\tollian01,.446,1.9,.607,.808,3.0,1.1,0.4,0.3,0.7,8.3
Karl-Anthony Towns\townska01,.541,1.5,.594,.856,12.3,2.4,0.8,1.4,2.0,21.2
P.J. Tucker\tuckepj01,.390,1.4,.519,.717,5.4,0.9,1.0,0.3,0.9,6.1
Evan Turner\turneev01,.445,0.5,.481,.849,3.1,2.2,0.5,0.4,1.2,8.2
Myles Turner\turnemy01,.491,0.9,.537,.775,6.7,1.4,0.6,1.9,1.5,13.4
Ekpe Udoh\udohek01,.504,0.0,.504,.750,2.4,0.9,0.7,1.2,0.3,2.7
Tyler Ulis\ulisty01,.384,0.6,.421,.819,1.8,4.3,1.0,0.1,1.7,7.5
Jonas Valanciunas\valanjo01,.568,0.4,.590,.804,8.6,1.1,0.4,0.9,1.5,12.8
Denzel Valentine\valende01,.417,1.9,.517,.745,5.1,3.2,0.8,0.1,1.3,10.2
Fred VanVleet\vanvlfr01,.428,1.4,.528,.833,2.5,3.2,0.9,0.3,1.0,8.8
Rashad Vaughn\vaughra01,.411,0.5,.536,.667,0.8,0.5,0.2,0.1,0.2,2.3
Rashad Vaughn\vaughra01,.420,0.6,.550,.667,0.8,0.5,0.2,0.1,0.2,2.7
Rashad Vaughn\vaughra01,,0.0,,,0.0,1.0,0.0,0.0,0.0,0.0
Rashad Vaughn\vaughra01,.333,0.2,.417,,0.8,0.0,0.2,0.0,0.4,1.0
Noah Vonleh\vonleno01,.444,0.4,.487,.621,5.8,0.6,0.4,0.3,0.6,4.9
Noah Vonleh\vonleno01,.490,0.1,.500,.742,5.1,0.4,0.2,0.3,0.5,3.6
Noah Vonleh\vonleno01,.413,0.9,.478,.481,6.9,1.0,0.6,0.3,0.8,6.9
Nikola Vucevic\vucevni01,.476,1.2,.516,.817,9.3,3.3,1.0,1.1,2.0,16.9
Dwyane Wade\wadedw01,.444,0.5,.468,.721,3.8,3.5,0.9,0.7,2.1,11.6
Dwyane Wade\wadedw01,.455,0.5,.482,.701,3.9,3.5,0.9,0.7,2.0,11.2
Dwyane Wade\wadedw01,.421,0.4,.440,.776,3.6,3.2,0.9,0.7,2.3,12.7
Dion Waiters\waitedi01,.398,1.7,.461,.739,2.6,3.8,0.8,0.3,2.3,14.3
Kemba Walker\walkeke02,.431,2.9,.516,.861,3.2,5.6,1.2,0.3,2.2,22.5
John Wall\walljo01,.414,1.4,.458,.717,3.6,9.4,1.3,1.1,3.7,19.0
Tyrone Wallace\wallaty01,.441,0.4,.464,.786,3.7,2.3,0.9,0.5,1.4,9.7
Taurean Waller-Prince\princta02,.420,2.0,.508,.838,4.8,2.5,1.0,0.5,2.3,13.5
Derrick Walton\waltode01,.333,0.5,.479,1.000,1.1,1.0,0.4,0.2,0.1,1.9
Jameel Warney\warneja01,.583,0.0,.583,.600,3.0,0.0,0.0,0.0,0.3,5.7
T.J. Warren\warretj01,.498,0.3,.507,.757,5.1,1.3,1.0,0.6,1.3,19.6
Travis Wear\weartr01,.386,1.2,.526,1.000,2.3,0.3,0.2,0.3,0.3,5.2
James Webb\webbja01,.238,0.4,.333,,2.4,0.4,0.1,0.0,0.3,1.6
Briante Weber\weberbr01,.442,0.2,.488,.800,1.9,1.2,1.0,0.3,0.8,2.8
Briante Weber\weberbr01,.409,0.3,.500,1.000,1.4,1.0,0.8,0.2,0.5,2.0
Briante Weber\weberbr01,.476,0.0,.476,.667,3.4,1.8,1.6,0.4,1.6,4.8
David West\westda01,.581,0.0,.585,.763,3.3,1.9,0.7,1.0,1.1,7.0
Russell Westbrook\westbru01,.452,1.2,.481,.737,9.9,10.1,1.8,0.2,4.8,25.6
Andrew White\whitean01,.362,1.3,.493,.250,2.3,0.4,0.2,0.1,0.5,4.9
Derrick White\whitede01,.485,0.5,.606,.700,1.5,0.5,0.2,0.2,0.4,3.2
Okaro White\whiteok01,.438,0.7,.563,.667,1.8,0.3,0.2,0.2,0.2,3.3
Isaiah Whitehead\whiteis01,.465,0.4,.506,.684,1.6,1.3,0.5,0.1,1.5,6.3
Hassan Whiteside\whiteha01,.546,0.0,.548,.708,11.6,1.0,0.7,1.7,1.8,14.2
Andrew Wiggins\wiggian01,.442,1.4,.485,.645,4.3,1.9,1.1,0.6,1.7,18.0
Jacob Wiley\wileyja01,.250,0.2,.375,.500,2.2,0.4,0.2,0.0,0.0,0.8
Damien Wilkins\wilkida02,.333,0.2,.385,.750,0.8,0.5,0.1,0.1,0.3,1.7
Alan Williams\willial03,.389,0.0,.389,.667,4.4,1.6,1.0,0.2,1.4,4.0
C.J. Williams\willicj01,.450,0.6,.515,.813,1.4,0.9,0.8,0.4,0.6,5.5
Derrick Williams\willide02,.250,0.0,.250,,0.5,0.0,0.0,0.0,0.0,1.0
Lou Williams\willilo02,.437,2.4,.508,.881,2.6,5.3,1.1,0.2,3.0,22.7
Marvin Williams\willima02,.451,1.5,.559,.824,4.8,1.2,0.7,0.5,0.8,9.3
Matt Williams\willima05,.333,0.3,.417,,0.3,0.0,0.0,0.0,0.3,1.7
Troy Williams\willitr02,.468,0.5,.518,.667,3.0,0.8,1.0,0.2,0.9,6.3
Troy Williams\willitr02,.222,0.0,.222,.333,1.0,0.3,0.3,0.0,0.3,1.3
Troy Williams\willitr02,.490,0.6,.545,.704,3.5,0.9,1.1,0.2,1.1,7.5
D.J. Wilson\wilsodj01,.571,0.1,.643,.500,0.4,0.1,0.1,0.0,0.2,0.9
Jamil Wilson\wilsoja02,.469,1.8,.636,.500,2.1,0.7,0.3,0.5,0.5,7.0
Justise Winslow\winslju01,.422,0.8,.476,.641,5.4,2.1,0.8,0.5,1.1,7.5
Jeff Withey\witheje01,.375,0.2,.438,.500,1.1,0.0,0.0,0.3,0.2,1.7
Nate Wolters\woltena01,.167,0.0,.167,,0.4,0.2,0.0,0.0,0.0,0.4
Brandan Wright\wrighbr03,.578,0.0,.578,.636,3.4,0.5,0.5,0.9,0.3,5.0
Brandan Wright\wrighbr03,.576,0.0,.576,.636,3.4,0.5,0.5,0.9,0.3,5.0
Brandan Wright\wrighbr03,.667,0.0,.667,,2.0,0.0,0.0,1.0,0.0,4.0
Delon Wright\wrighde01,.471,0.8,.537,.830,2.7,2.8,1.0,0.5,1.1,8.0
Guerschon Yabusele\yabusgu01,.409,0.3,.523,.615,1.4,0.5,0.1,0.1,0.4,1.8
James Young\youngja01,.357,0.5,.464,.667,0.3,0.3,0.0,0.0,0.2,2.8
Joe Young\youngjo01,.433,0.4,.497,.759,1.2,0.7,0.3,0.0,0.5,3.8
Nick Young\youngni01,.414,1.6,.540,.845,1.5,0.4,0.5,0.1,0.5,7.3
Thaddeus Young\youngth01,.487,0.7,.521,.602,6.4,1.9,1.7,0.4,1.3,12.0
Cody Zeller\zelleco01,.545,0.1,.551,.718,5.4,0.9,0.4,0.6,1.0,7.1
Tyler Zeller\zellety01,.545,0.2,.561,.714,4.6,0.7,0.2,0.5,0.7,6.7
Tyler Zeller\zellety01,.546,0.2,.568,.667,4.6,0.7,0.2,0.5,0.8,7.1
Tyler Zeller\zellety01,.544,0.0,.544,.882,4.5,0.8,0.4,0.6,0.5,5.7
Paul Zipser\zipsepa01,.346,0.7,.425,.731,2.4,0.9,0.4,0.3,0.8,4.0
Ante Zizic\zizican01,.719,0.0,.719,.750,1.8,0.2,0.0,0.4,0.3,3.2
Ivica Zubac\zubaciv01,.505,0.0,.505,.733,2.4,0.4,0.2,0.3,0.5,3.4